Title,Content
The Importance of Good Typing Skills,"Typing is an essential skill in today's digital world. Whether for work, school, or personal communication, the ability to type quickly and accurately can boost productivity. A proficient typist can complete tasks efficiently, reducing errors and saving time. With remote work and online learning on the rise, strong typing skills are more important than ever. By practicing regularly and using proper techniques, individuals can enhance their typing speed and accuracy, leading to improved workflow and better opportunities in the job market."
Technology and Its Impact on Communication,"Technology has revolutionized the way people communicate. From emails to instant messaging, digital platforms allow instant communication across the globe. Social media, video calls, and collaborative tools have made it easier to connect with colleagues, friends, and family. However, this convenience also comes with challenges, such as information overload and reduced face-to-face interactions. Striking a balance between digital and personal communication is key to maintaining meaningful relationships and effective workplace collaboration."
The History of Typewriters and Keyboards,"The typewriter was the precursor to modern keyboards, revolutionizing written communication in the 19th century. Early models, such as the Sholes and Glidden typewriter, introduced the QWERTY layout, which is still used today. As technology advanced, mechanical typewriters gave way to electric ones, and eventually, computers with digital keyboards emerged. Modern keyboards now feature ergonomic designs, backlit keys, and customizable layouts, catering to the evolving needs of typists worldwide."
Benefits of Touch Typing Over Hunt-and-Peck,"Touch typing is a technique that allows individuals to type without looking at the keyboard, relying on muscle memory instead. This method is far more efficient than the hunt-and-peck approach, where users search for keys individually. Touch typing increases typing speed, reduces strain on the hands and eyes, and minimizes errors. With consistent practice, typists can achieve higher accuracy and efficiency, making them more productive in both professional and academic settings."
Time Management Tips for Productivity,"Effective time management is essential for productivity. Prioritizing tasks, setting goals, and using digital tools like calendars and to-do lists can help individuals stay organized. The Pomodoro Technique, which involves working in focused intervals with short breaks, is a proven method for maintaining concentration. Eliminating distractions, such as social media and unnecessary notifications, can also improve efficiency. By managing time wisely, individuals can accomplish more in less time and reduce stress."
How to Maintain a Healthy Posture While Typing,"Proper posture is crucial for preventing strain and injuries while typing. Sitting with a straight back, keeping feet flat on the floor, and positioning the keyboard at elbow level can reduce discomfort. Taking regular breaks to stretch and adjust one's position helps prevent fatigue. Ergonomic chairs, wrist supports, and adjustable desks can further enhance comfort. Developing good posture habits early on can prevent long-term health issues related to prolonged computer use."
The Evolution of Artificial Intelligence,"Artificial Intelligence (AI) has made remarkable progress in recent years, transforming industries such as healthcare, finance, and transportation. AI-powered virtual assistants, self-driving cars, and machine learning algorithms are revolutionizing daily life. While AI enhances efficiency and decision-making, it also raises ethical concerns, such as data privacy and job displacement. As AI continues to evolve, balancing technological advancements with ethical considerations will be essential for responsible development."
A Day in the Life of a Remote Worker,"Remote work has become increasingly popular, offering flexibility and autonomy. A typical day for a remote worker involves setting up a productive workspace, attending virtual meetings, and managing tasks independently. While remote work eliminates commuting and allows for a better work-life balance, it also requires self-discipline and effective communication. Establishing routines, setting boundaries, and using collaboration tools can help remote workers stay engaged and efficient."
The Psychology Behind Habit Formation,"Habits play a significant role in shaping behavior. According to psychology, habits are formed through repetition and reinforcement. The brain's reward system plays a key role in creating positive habits, while breaking bad habits requires conscious effort. Implementing small, consistent changes and using techniques like habit stacking can help individuals develop productive routines. Understanding the psychology of habits can lead to personal growth and long-term success."
Why Reading Books Improves Brain Function,"Reading books offers numerous cognitive benefits, including improved concentration, memory, and critical thinking skills. Unlike digital content, books encourage deep reading and comprehension. Regular reading also enhances vocabulary and stimulates creativity. Studies show that reading fiction improves empathy by allowing readers to understand different perspectives. In an age of constant digital distractions, dedicating time to reading books can significantly boost mental sharpness and overall well-being."
